{"intercept": -2201.4249803368275, "coefficients": [14.532382466362266, 126.18186005290352, 75.61318573578325, 663.4754279257163]}